{"version":3,"hash":{"type":"Buffer","data":"xRTMAU6QerrPT2We6TGy1OvuzVtFVklMp1I8DxAvc2aUcIhgd6ylk4Lm9zVeASV/vf9bqJbwIlYuFzQw4C1X0RJGJtZqL4eXCTG+e3E7I523XGVnMSKg8xxpHRI9NKiLMmbewD3WYq7y563dxLEXuhPoqJ5LM5D9cfk1aqRaiyo="},"indexValueMap":{"Aa7soaholtOLlZehmfKIAFnH+XzWq2i5xJ2JN8YBiC0=":{"valueMac":{"type":"Buffer","data":"rIcatTgRQYSaXPeT6pp2m80yW3e4ayGYfc04AIbuygE="}},"F8VYVmx8IuxkYbDY/aSjCF/bmVe24llksB4xMHFiAS8=":{"valueMac":{"type":"Buffer","data":"slJGWe0eRIsm5gnZG2rS48MGpE3heLD5ANEuVKJei9w="}},"GSA7EpXN2Xuh1EcJSAz03oRERcbp6Y7EDsfKPgt8K2Q=":{"valueMac":{"type":"Buffer","data":"tCNRRlmljHDOo4B1loHw4HrMl+Fx0jj+pgTrkI2etyI="}},"LT8oG3z0Glxhp+5clhdeSFdJWPGqGlDbecMfHYnr4fQ=":{"valueMac":{"type":"Buffer","data":"Yg1MBBsKjR9DeOOAWxMMjWd3YImyCmgOsQL/P2uA2ck="}},"NsS3RoyMlD5m5jP3munqybh/MOd4RHnE7wea40W7wDs=":{"valueMac":{"type":"Buffer","data":"Bw/PgY5MjQ+s3i7WDgHkSvNPBbMESlztlM7aKKG+5Q8="}},"ONd78Ge3Z5lfyITfJBKHftbVZvZDbLgC/EHySXvoxLg=":{"valueMac":{"type":"Buffer","data":"24tIwAQRoSBWh7cTLlKvMWIrT02WPmaEZQq6u5dJZg8="}},"OV7tRSoozBjRpVywN+p2BsRvExO+//YN8O7fFpjeSl8=":{"valueMac":{"type":"Buffer","data":"DJ8A6hrcwUFCbqeu2zBIzub1lR96xnHWUXwbglKXk5k="}},"PpZP+jmilVmu1mLZOjqJEaoExlc7O2V1HygMbnU/wWo=":{"valueMac":{"type":"Buffer","data":"MeT2dm8nydEOh3RrGAl2BGWF9ZNraNff/04wah1U7Lg="}},"P+hyPcqamZ2dXUa3vzvwYN67VZRAULyu1YbtgxGchn0=":{"valueMac":{"type":"Buffer","data":"sDvqbaq+xpPOiBhSUybDdCiqgdhpeWXmPM7yur856l4="}},"RGRSDIE5fuPk1Uibebdj6OWYnw5C5aWnl0U8d70Xt5g=":{"valueMac":{"type":"Buffer","data":"kNQDXNJqkrjydaVFzgn4EqLcU3RPlOK2HnPfZLmZkUg="}},"WGOfEOhNbIp+FI4K6CvNetQq57/idBzLd8o17hB0FIA=":{"valueMac":{"type":"Buffer","data":"kTgmZIDrIvehPJOE6PVpQ3FGMycDOqs0exjwaTaADTI="}},"Wq3vJn39kFnyhNG2h0GX3OIDdKK/8boqM/wSdKyGXTg=":{"valueMac":{"type":"Buffer","data":"JwP/S+V9KolLBDyefaiSXbxVIg7rjPJMBqG6MMDWARA="}},"YBxhrPswZ8GRNZkQISZBOcxoveqACBJ/YXXrtv79gt0=":{"valueMac":{"type":"Buffer","data":"qXi7MJRJ41kgisabHbenXJOMMyVW0zVOQyjBLd/avjA="}},"YmFHuVdzl7CJy0zrRTQc5ac5sgt/MJXMmvXVfRR9h3Q=":{"valueMac":{"type":"Buffer","data":"Ewqqd2H/PaqdMljZFK7TqmhjbgmFqIlZIdxGaQECEfM="}},"hs22dGaOg2/fKTZFVShAl83iLV7Yi4ajc4tK1LSJdg8=":{"valueMac":{"type":"Buffer","data":"M+jLkTej1e/j1ue1ohe24/77m5TrMGyu4EsFzPUEqoE="}},"i87opgqvIH0/zQ3yq+9uqWIICQL7neRML3wSfqunySY=":{"valueMac":{"type":"Buffer","data":"dB9TeNY7cBL6iZb41pxTJ5Vxz8gpJLUcwKZlyNE8BH0="}},"oWtKkM29Ez1Z6uyaOZtzYzMmM/Uu9HQ+KcLUfWNxe7U=":{"valueMac":{"type":"Buffer","data":"x7zfu5dSDOmgHlxBXrZUhIv8Iiv29pSzB4417qQd2Z4="}},"qEfoXzCXp/2IMEjg0+lxy8uPA1TxJDSA6p1/nBleC5Y=":{"valueMac":{"type":"Buffer","data":"ZpDWOxSMAxpvGVpCnJGw1PHsrwjkRzM+1weubPMRBz8="}},"rH2aetF0gg+xNLzFEYopLSfSFmNo35oK5hPSChqF24c=":{"valueMac":{"type":"Buffer","data":"+B7qAUdUena51ickaqtbvL1LOkljzdyNFbHexEfY4L8="}},"rjDGlo7+10g0snbxnFzXiMNznnfzhRE9I64VHR/i+o0=":{"valueMac":{"type":"Buffer","data":"Wo6c/ILQP3V/FhwMBTC9f1cpQBFznj34eUXpfn6He0Q="}},"t9dn3o4cCJNpj/JVnH1N467sq8bMoiNVIvQ6IBND/K0=":{"valueMac":{"type":"Buffer","data":"rUTUbnjujOdKitMaE5C3V57NnOl/P7KnzaOY8KNsBsY="}},"vAJNrMakZQzMZvUKQvx8vP7iCS9+t5hd28NWj9kaPnw=":{"valueMac":{"type":"Buffer","data":"1nTRzyHYOzcveJUVUhprEb51jmkG5nvcoFUxxutdWgA="}},"zJepXz2Ql7WRzKthJOkN+MPIBegFxIAFH42aVasb++8=":{"valueMac":{"type":"Buffer","data":"k2O1IusOZgRBC14J+qhJ++AWaNDIe2EJ9iRpzVPQ1mQ="}},"zc4TvW6SdtzgzLN8A2EmP5XJn67UgzgoJV7eA0JGXQY=":{"valueMac":{"type":"Buffer","data":"1NdZVcDMglrw7IPlmNLXA58Y107ZeORW01qzvvZOjsY="}},"zvXkLIV+6fHfkQDJSRz7YO94qmggjrrCcXv8FE44Drc=":{"valueMac":{"type":"Buffer","data":"SHsWYRFRQy2UPxYverAVaFZXGheRnajhXnkW71IaXeQ="}},"4Glkmw6IxgfelXIoViVvzWk1E08M8uu3pDDq7OCAkf0=":{"valueMac":{"type":"Buffer","data":"kpojb/zrk/8LDfmrxt+2P5qTectwbF4qRfm2Fp4wE3c="}},"4Y1PbWARCWzghJ46ohBN7LOvYo9sbDW9zbvoXcvtFGA=":{"valueMac":{"type":"Buffer","data":"2PLL30iv6yneSrBVbe9TvY44moAN4vr9P4IzVgsRhPA="}},"5Hn+gPF+IprCzwOMnuG2y4SQF1sZFurMima4n2Lw6Bk=":{"valueMac":{"type":"Buffer","data":"EN1A5MMqno5qep2jp1zAKeF0z/NvJnOzDeVm8cmOEdA="}},"5e8Mu40DAmLUIZBE3bQb6Ex4d/rtXN62HqIrus5xvsU=":{"valueMac":{"type":"Buffer","data":"PF1C4aLE9WiUawndP6fllYCbhtrVQPyh6dlz1n7e0fQ="}},"8mZS0fBphcEZDag8u6Bwny+Jgg24w8fM80K9jCyF7Uo=":{"valueMac":{"type":"Buffer","data":"iNuRzVJmURLZO215YXgeGEQmxv0f3/yR6dHHCN4MUEE="}}}}