{"version":3,"hash":{"type":"Buffer","data":"sS8YCuXBzfhfjfRHTLYRp+LFo6MldbHBhd5Q38y+9YDynJmspQ+EV2HWcyp8yfviMd0McXHTF/bIzUngicToB/Y/BbOJNGUPPVlBbV3IFZYu9R6pQ2lsgnWUgl+D4lozpRcPdWY6MB9caV+FPIDf/9wVQ0Ze8/pKbOggE/7LCJI="},"indexValueMap":{"AHx9qnt+fpKQ0QQyobgMF9u7R0IqIhtjthTREMk/+vY=":{"valueMac":{"type":"Buffer","data":"leu6KRrxIVPFD/r/2B4CbXBMHNKGHbveOCTg2s8TLiU="}},"A6HLYpl72uhma5EZcNzbFHVlt4h/9gZL8TXTm3S0/B8=":{"valueMac":{"type":"Buffer","data":"o+S7nO5fu20o3rQ+sjd34BJrH9H6hi51JRt9v9mIWDI="}},"BLNg3XG1ZSuxlEoP4H5jB5P/dpPlOKlMPsUOa67HR8Q=":{"valueMac":{"type":"Buffer","data":"mltaMhTamVW4tgfPmyKV9KMumx527BmgtPBwmNkDz+Q="}},"BXAbKefva+kh913MssRs7QUjQ03iVWIIJKVsP8pDmFk=":{"valueMac":{"type":"Buffer","data":"doWSqfjxu+lHMyaK3G21NTBwejyqpl6efA1a/Gnt4ok="}},"CzNTX03wd6LPM3nrh9sXPlMVDxyhxlLNUcn2AXyzzAE=":{"valueMac":{"type":"Buffer","data":"Mt0JxuZ+Ia+m8bd3D2WzQMLcFjOdsv/5Ik/r3KxXEng="}},"FFXCCyTbk64Q4yQJlyAua/Z6aCySeNe+518EIlD67n8=":{"valueMac":{"type":"Buffer","data":"VHew+K/G6QOFXRB6Z7sr5BS2rLPHhPf4jFohBOqwtXI="}},"FVDdHYDQ9NsoJ8g6Occ2Ylv4k0C6j/YzgUkoa77AZIM=":{"valueMac":{"type":"Buffer","data":"Q8vlNtcdbhSWtyGuSrxMU5sJedyECz9SavD03Wo5WfQ="}},"GdZSweAKA7LvIU9AIHaTYXW/92igimHQAPs4a/CWekM=":{"valueMac":{"type":"Buffer","data":"jHHE1/xoDyXw8ImVtGym0Nn+0YCeqVyC0jNHazWrykM="}},"KyW1Hlhsd7NzVnmOpeW+xhcf2iMhNhr9UXyaT5DFwBc=":{"valueMac":{"type":"Buffer","data":"CXlpojIavN8wn+Fu8V2QNitLcZNQcAPBxHOTXY0JT7M="}},"K2ifuwOfKhxiVqBT9XaXm/5z7NFsyPEVFqnvpUKxtGo=":{"valueMac":{"type":"Buffer","data":"B8XAHJxJEGJ674f7Nov95xjMLIZQs6UyrcJ/EIVV3Fs="}},"MsmPvfuhhmtFSvIwTJMUeFmTHDeNP81/zchqygjn070=":{"valueMac":{"type":"Buffer","data":"3Kz8tr8c8+SRtV1flZKyq3vcYqamJRjHk4J5vlxMOFo="}},"QcriQ5RqT0boj+1lNI7J7/PN4NJJmfKC8IVyg1E4IpA=":{"valueMac":{"type":"Buffer","data":"7KaskjB2zhOfofKqJLC493JLuzt3SKb1xU2OP0nTcNg="}},"RqrgLVWCgIkIqXKzjU3u6ZXf67NFv7+rDzHfbrD2kCo=":{"valueMac":{"type":"Buffer","data":"e0ztC51hpIJLrGHhXftsRgg+UA8h5YrDdF9fAG3ji6g="}},"Snnuh+8DQjvDshUJg+hbtvRny9THPfIut3MZy0OMGYU=":{"valueMac":{"type":"Buffer","data":"+m/d9f8huKNtbjao183QjvkBlnIciDPCG13Wcr5w5CI="}},"VPKFPqd7A0S0Il79TOxKeWvWznH+cefZd2I5jI1SoVM=":{"valueMac":{"type":"Buffer","data":"866ZgfhXvu6PFcoLlzmwh4LZO8+rK/miKwrFxgEdUwA="}},"WAtxjQKdjLpwHH4bg2ASNvtoL0ANHggLrpneLtopD44=":{"valueMac":{"type":"Buffer","data":"z7pob9DNYeMKayQOtMrUa2Jn3mj6xbbGAejePhEMLug="}},"WDzyWOqQUqYJAfVq4AdZnRWPI4TT7co1G3E+qnpvF4Y=":{"valueMac":{"type":"Buffer","data":"zsvPU75Br7b+dE23UeBYqiqzUgXb65f6d94WyCBT+Wk="}},"WPmJfQoT0ZdnbK0avq9QTrgOKUqqF4Y4LTTHM1TQyyQ=":{"valueMac":{"type":"Buffer","data":"xV8y8jSRtNuf8spRuL3M3AZMXsHwhrjIyXuA7i8v8R0="}},"Xe0gjhOwsTPorjZ0P38HoPY7fcb9H8P/ZMaxU2YopzY=":{"valueMac":{"type":"Buffer","data":"kbtDi3TyvvQKW6XrELAEz+zfN2YOgPE9dvTwnpbYufo="}},"XgsW/+TgYs0KP8ss7nZyrxHwcyipXQE+tDqoEDi/vso=":{"valueMac":{"type":"Buffer","data":"IaQrCqQFTnP3lXazz7kBbwjmXSO5V43Tkxi7VG4kBJk="}},"YbVwHQHv2VQInmmy7xAa1jBjLZPmxFp+8YApoQfbbjQ=":{"valueMac":{"type":"Buffer","data":"qfl0avrG0+GJvhMSRYFcNMegRkutRGnIm37iWJAVHz8="}},"ZKD33gfJ4dl5AgEomJIuGwNx/DpnTetaT8A4GDHHA5Y=":{"valueMac":{"type":"Buffer","data":"2qezANKpHsYYs7ONSSk13IcmPgWZ8hBpRn/Jhnzpun4="}},"aOodmsJevPwlC+frXVIHMqTzLaTknO2/8k6EwqIgKF8=":{"valueMac":{"type":"Buffer","data":"98BZJrjzK4TTNl8tCzh2nzy9E31vqI8FoBOfFpyaCiw="}},"aRLOCtG4RcExDtUAy6q3xtXUdrdtXL8ZCOneP+m9HSI=":{"valueMac":{"type":"Buffer","data":"xTAsIhStIAs5+1x9XtXy3e8dE6oBzAXfOYt8UX8LO6E="}},"bRmKD8+griAScbSPc06TvNM7wy3MMEeU6iVX3Wbu30s=":{"valueMac":{"type":"Buffer","data":"O1+U1wDTbg9GJnYIvtAtXne0lUv5Ul2wQMK6QFbD3Fw="}},"bYMGJVAyb2dcDnQdc2jqEueo0L3EUqjzgnvD4rR1ghM=":{"valueMac":{"type":"Buffer","data":"JXsUBwnriymO0u0wi62Es/a/FMT4w3+8dgc0Vp/3c40="}},"csbd56pmbD20ShgH6zBdYN3HIeOtNSOnGkdNmkMJivg=":{"valueMac":{"type":"Buffer","data":"S+9RRUn4uKnzY1drhJq/OClxAJy7IEuwzhtwu4ORacU="}},"eP75Lwj9F9bTqt5688BcAMnngS5GzTYAUnHMQ3qZ5uY=":{"valueMac":{"type":"Buffer","data":"/25R3RMO2liqToCjDDZHcWK9QCtNN6/n9m9+I9XNRec="}},"f8rewECTDxFhE3PDes2JgBVm86Cn1pEh2DEBrMIwNIk=":{"valueMac":{"type":"Buffer","data":"ON+GLzbfXQV9MdA03yilJvISE+gZsBhErPR+DpF0K9Y="}},"hZbVGdAWp5fLzIKkatrkoaJ0BgrjAJ8h5ELDoPi9eAw=":{"valueMac":{"type":"Buffer","data":"WO9GmBjQYnIxM8LggG0VBAFKmP18d0wmyuNrwBP722k="}},"iSPjf1pBiejAQEQ8GdA48M4JQdJ15it209v9T0w7lxk=":{"valueMac":{"type":"Buffer","data":"Tq5z01fQKq0i6g4S6CCIH5HmLqGFwlJ4KSutONU+k4U="}},"jPt2EvXYDGo+mYkc0peHfGjfKPgRTomNbkcBnI22A6Q=":{"valueMac":{"type":"Buffer","data":"bPrXn4lmjwMC67lRM2UrTbDRK9K90EfndbPOIMxiIuw="}},"oEPX5UY+nN7jchLpHqC2OivWxCh+ITqllQy+OKz53PU=":{"valueMac":{"type":"Buffer","data":"LCRMIVTkt4yhu409jJLzsiQHxrBxUtrqBYoovLLce64="}},"o31Wd9txX5xtLzmGluGl0oplf4Yu0c7vOq44MegCHrk=":{"valueMac":{"type":"Buffer","data":"cZEUzlytw6eNL4vqQIIUd2gOZj0kHyN0FndHrOnCu5g="}},"paisfcXeacSw2wl4UoKKvfCGqeEvHbs75FjBEfFZKac=":{"valueMac":{"type":"Buffer","data":"4f8JPBdVKrZGO/J0kG73ztbZRhr9L7IVrNlwpccTvjE="}},"r4iIf0ToBbdcFVQUklX8TdJrfi51zb7sXdI2r9tRC1g=":{"valueMac":{"type":"Buffer","data":"Yttc62SpEosrladkQ1YJHSLbDgOLrq+fxw4UXUx+JVI="}},"sQymz1MWBGMU58Z4lE+Sg7ekNPqyKWq/sm3V10f4Qd0=":{"valueMac":{"type":"Buffer","data":"QwO4qAuVv6puBlPoSsV3XUGk8F81EcHbHHMQsMD+Cbc="}},"tW4UNqPiyRU2DbFtSUZ6oVdelkvPgVNs5C5cQc1P0IU=":{"valueMac":{"type":"Buffer","data":"J7tE/hUDIkiJv2l4Mw1YsM1OpsPzefZsnulsd0McriA="}},"t0RA9pbSoXhifJnQdyTSW0CWmbnwbm8ZyCq4Jql8IV4=":{"valueMac":{"type":"Buffer","data":"LpnDVEfPNc2013GmRKriof+t1euhUa5rZQN0tyeerc4="}},"uCeLpjA/+viFndHhVxh99u9v8GTxXdHbWiO/BpN7kA0=":{"valueMac":{"type":"Buffer","data":"DsOjwS/v1jmMzfcVEXA0N5TQW1y8vUoO7CUb/QMj5Oo="}},"ub8y64GH6Eu0jO5+Fru8R3pdjIzjweX50fxr+OLrbtw=":{"valueMac":{"type":"Buffer","data":"rq+s3zwRsZYyM0Hyl9X8PzO1WixBKGAq21mkqKWRIsA="}},"yrZs5EeTG+AGBogJ/oxZydpf0X/e/Sh3YdPU80lW0cc=":{"valueMac":{"type":"Buffer","data":"pIEDt43r+pZ5NPieh5z5xARiE4nkYEVxJIWXBn4bye0="}},"1vh5Jhskgz2V4psLkxDjp5vXl4YrAwZ+W3rOVj+fwSY=":{"valueMac":{"type":"Buffer","data":"DfiQHJjTh16J8WXVJAVzqytuQsJzOMUdLGmgHnQIFzQ="}},"2lb4TgRwOkUeEyk/YRqrX0KnnRCzI9T4jr/Vq6cmWkA=":{"valueMac":{"type":"Buffer","data":"zpsaUdaZjYG6w8rbVut7smhPChbqsp86kmHCDv4MvoI="}},"30NA72hyw6LjviXAMSNwjQR1D3Ce416qIzyOmspDOD0=":{"valueMac":{"type":"Buffer","data":"MlfThOJggMdxwwuPMS61NNVmCB8OQNG3YeusANCPD2I="}},"4EGE/yhI7VHb2ZK3zTAFcDSPcyz9OrkkNvmvsdbXA2U=":{"valueMac":{"type":"Buffer","data":"lIe5kU6pFn48movYETK16Izbq6QSPDpAv0GufrZhOXM="}},"5wzfZuWKW1a02CL5dVW1WJnEcQh2O2Qh26W8ImkN15c=":{"valueMac":{"type":"Buffer","data":"7ZFF4A9B9xfobtUeGsSu0ebhmVhCizuVTz2PXlfJzzo="}},"8+y8aFK8G5Qow65fcyQKIBZjE20EhzwTlkzl12hyHLY=":{"valueMac":{"type":"Buffer","data":"lgdz8RnBIg/xHDMKXTC1Lisu0JPkurXPyqCkqFV0LVM="}},"+L0latI8ag++c89lJY+eIJTQoJjRVw2iZymOOwbUOnc=":{"valueMac":{"type":"Buffer","data":"vK5YKVboDUNarcvRMFgMv4pmbFmAL6lTCDOxuYpiaPI="}}}}