{"version":3,"hash":{"type":"Buffer","data":"viS99k0t9fnuqIo1C0W2t/lD+Qi5tUnY2QUyxWqUEVecQg5bK3bF3kgRnLr3Icx6F6gPgeArG4RzKHSXCQ3/M6WNTFyfsR2Fdrmd+nxIrHRMCw7AwbKp/YFeJowT473lac4ybyMFJffhXkImzSW9JagFH/t+mRxizoUIh6gfueQ="},"indexValueMap":{"IcUI+W+C2y7ZrPIr3mtBeWL6XN1Bc9k+LGtN5cBvGLs=":{"valueMac":{"type":"Buffer","data":"iOIFqCxf9Xm3F4HhOif3eXqA/JP/Y+Zlk271clp3gaI="}},"d1KAlhi4G0zKBIxTcavGV0ALzQPen3V56QqyGwRZesQ=":{"valueMac":{"type":"Buffer","data":"Z5qKjv9O+dXqJzptwE1m+5YqEOFN5VZTUrnKgYL4Bdg="}},"eGMBbDee6DvhUwYfUWP6U8tYNbBkZ21KU9MhzlS0YRc=":{"valueMac":{"type":"Buffer","data":"/yPtQIPwJkS3G7QfLzorz3We0nV5O/wfh1EtLmemU84="}},"p+41yCXmiEnlUJefGsblpm/LyRI1MQlTeVfJ1rT/9qE=":{"valueMac":{"type":"Buffer","data":"g0pt771EflulefZe/5zxaJCqyyorbjJQ3yjp/lAvArE="}},"vFxLNS9xER8NFLm/buW8gCTmIdlqnlvz7VF7bP8Kx1M=":{"valueMac":{"type":"Buffer","data":"vFQJP9yl3qs/tFy3MIrFjX0cK6Rf2MU0pDp1BPPgEnI="}},"yOz1Y5SlqpciIclYVNuYjtpdjSBbvrx918V2UhgfeYk=":{"valueMac":{"type":"Buffer","data":"5RoQmuaWE0vN5suqbMo5xfaCFT0UCBhKm8m9P/FlFkc="}}}}