{"version":10,"hash":{"type":"Buffer","data":"lUF/b2EthPAjo+bHROuLfuRFnxkBGRAaC0Ez/KoX09iIUA92nRHo2aLYAal0ibaao7HUaajNxM8NgDe/OXEw4vXPBbwGtU3HMqctVJxIBFQC9V0ugLGtOaVayOWoo7QcmEn0wh0CHmSiZJy19GU6B8C1oUXPz3xIz6R1l8arNMc="},"indexValueMap":{"E31t7JhIawtnqxiKo0dRfJ1lzyfYmrrM78xXZQJfTuc=":{"valueMac":{"type":"Buffer","data":"TtJZj5YLPujV8ifAzbpaIaownqw+KIiDQWwFl22F8p4="}},"IJl6xaCEBiBnFpUrxEkEGU8mWYnCVA9c/YUO/mbCwSA=":{"valueMac":{"type":"Buffer","data":"Ya9c00+zjATCLswZcrImcOm+ssLmPdsUBmAh8nojbB4="}},"ITkRYWLMVAWjqfBO1PAFYP/6L0dRJh3cK+q9wgeOfCA=":{"valueMac":{"type":"Buffer","data":"J0Yznzzh59+TVQ9Gi9lU1QkikhmF4DhzAXlqpLbfm0s="}},"I3pz1aRKeNaaduMZSi4PFPyGqwuNb/atbN6mPDaL+Aw=":{"valueMac":{"type":"Buffer","data":"uKkhtsaofC7GdEP4kM3uB1ojhy8DjdDTe4KXeMcvlfQ="}},"KNaPZFbakSGETBt5YUBZzLoSnbhSyEi9wvciWxibipI=":{"valueMac":{"type":"Buffer","data":"kQENZ0pffiaSSiiNF/iMcWm/sStv2T7e855SvED8HCM="}},"LN8sFNTX05qSPXU8ld5zWOwDPGzfs7zOjBpEe6MHMuI=":{"valueMac":{"type":"Buffer","data":"a89VsSE4vpFo/XkJ3waXqV+qmZUfDLvO0cFw035BEN0="}},"MAcqnrcxPxSnODuP0vz8YqL6IMcy1ES84EQlVkq8KFI=":{"valueMac":{"type":"Buffer","data":"IYzKp7O6wiExY2ZJmxJi+LnPPI4t8UByZUR4x/v7rBk="}},"Nl5UYCqVR8Qsn47BX33MjAsIfZe+J7EwhpA28LtS+/E=":{"valueMac":{"type":"Buffer","data":"UQtvq4j4DnZ03F++K8AnanxBHo/h8N0wEPlJPQdL2xQ="}},"PDJJ8WWBOXoqdkjfmLYhCoOC0ooa47p44GVLNNV5TSY=":{"valueMac":{"type":"Buffer","data":"EnvN8Q7js/Ken0xC8XQ7v2b+Kr0s0sAYQcXKok5DoJk="}},"PUptOWsUybYw0mUL30J+V8kMgS8ggEuQUfQx6q7/6jk=":{"valueMac":{"type":"Buffer","data":"sOBMw9R5lslqACr8tE/RbxVwOsRSjgNuGioIZ2iPMcU="}},"Pe2f37U37l/XSoTwRp1ilLkimzfOr1o+e7nRU3CBihE=":{"valueMac":{"type":"Buffer","data":"GyMTiilGGzHI+nHmCLNzntmdR81KhlHPTv0V3ZS8gsE="}},"SZQ1AgueVRBnDupqXlDtb4WlkdhrmSnlF74pxoiZOl8=":{"valueMac":{"type":"Buffer","data":"DomfNTk4PqtK/a+VT7qoVVlIt0U97r2IxAmUmkps6+w="}},"Xai/KYh8wv5CeHo5CEhTTYBY7bR7sIhuTSsYsChz7+U=":{"valueMac":{"type":"Buffer","data":"H75Cm9TSNI+by8KA7QZX5VmSH0y3G2VUJEMPrzvPkc4="}},"YBizmluA1d8veaxn6+i8fcMOMmwJ60AtA5Yluqm3hTQ=":{"valueMac":{"type":"Buffer","data":"TJRq/eoTNDlFlLdmFW2XP4t44UTQoIKbo5ZG+287DtE="}},"aD3X2pBN+YlCBjSiPcgV2vNx5IOM0OfMFfF1YeWz/AY=":{"valueMac":{"type":"Buffer","data":"gOgEs79UNl8D5+hOHoiY3HI/fyz8kYe+hYhsIt/xBsE="}},"chtPxhOmp9yU9Baq57p+W/iooVIwBGSaHB3A8ysdufs=":{"valueMac":{"type":"Buffer","data":"RbgNSgAv79f4y8GE7jQ4x7ABMt9A2/2PFmvmoIA73dw="}},"jAtYTj//REk7PV9U8cyo8ApPUjPB1Wrfq2qxDBWotb4=":{"valueMac":{"type":"Buffer","data":"fgxJd4Y5jwNtdHU0J+/ZaWwqw/GiD2Yt0UYaXFKpTug="}},"knKGnD/lpU5wAlVYXzrW5xVksU30GJHaHFQj38H14NE=":{"valueMac":{"type":"Buffer","data":"acc/naYlm0GQf37c76zW/GikfMgV7755kGeBcb7gmP4="}},"mFXoTMMMu3EvIWtrUP8kXUAodCpYcJkDqB6tdnOy3wM=":{"valueMac":{"type":"Buffer","data":"n0xmQOpX/OqJGSBFYyxawtXVWkWHtgdVNgX1hgtqWrY="}},"otwAFUMXpK18KX8N/LB2/0pu8s1J34eSY2pAxDP4dHI=":{"valueMac":{"type":"Buffer","data":"xaWpUfUGOGrErAMOySnWTwVDiAxGilko0qz+m86MpXs="}},"y9tyh32iasSb7DY8tQld/DdOUJBb/h/wUxKZiqdNc6I=":{"valueMac":{"type":"Buffer","data":"uIj5QSITm48z37QET8Ntb3XxGNAN62YCc+Uf2hcQTsg="}},"0CCYB61V37dJLPZnfT1g4q9pmN42DlKH0PN8CIwfmIY=":{"valueMac":{"type":"Buffer","data":"7zvDTDR/NZQex43vV61/sSJIzhvbT1T6byWU84MpkNY="}},"108mIsbMCOLuDxY2KrUyx0vBS2Q2YMcM/H8vcIHGza0=":{"valueMac":{"type":"Buffer","data":"p2kjjJte6NDBp9jbx28kdgzomLOgBIcZBLRBtT0nDYI="}},"173tcsUOoPcROrByfNMzW7mHwRtwW9ETkR2QJIYvwc4=":{"valueMac":{"type":"Buffer","data":"i2x6yesjQ6eaa++zPJjdvB2rMshmzFS4/0Nib0DSkNc="}},"2LI80XPs5nrdcq2tjBTnzSzpM3VHZf18OsbukDCnOcU=":{"valueMac":{"type":"Buffer","data":"bIQPzCixPb0pEHjOQnL8J0C8LOS/qGa3cA2Vf2aSJGE="}},"2ghYqEiLkmq2kFyzTAz5nJDI93urXPeFgGYu6n/o9S4=":{"valueMac":{"type":"Buffer","data":"8ckIzALPQ+Vg1/3se6fvzMlebMse6/cb0gOW+xwyER0="}},"4ygNkfZdF6J3D+1FoKZu35KNwfWy55ErC8F+2cGIJ3Q=":{"valueMac":{"type":"Buffer","data":"+2Vx2tqqKJd2F9WtMBS4bPb723hRCN8j6JW4liZFBjY="}},"43KnJPCh+WS4+VNNrCaBNAOxyh72pEoPDnG5qPiLXyU=":{"valueMac":{"type":"Buffer","data":"02M8mcHEYTg+XuO7z5dz4sKmAcIaTRkvh8UGwM8OFJU="}},"6PaNQIJPNe6Omhrxx/d6XXl8fylkYeJinEw0SCYXpAo=":{"valueMac":{"type":"Buffer","data":"kpugB+nJg7+U3E4QoQRZIMqdFzlDARE5kigOF3uRtTI="}},"70t70wqi4vLirf+jk+t0QDaJViek9asXgWPaXBWv+FA=":{"valueMac":{"type":"Buffer","data":"i1Xr2sxpqPMMuH6gv6Ph8q8ofKS3cb0k13MlrSxYESk="}},"8BUgVTAhNJN7MFA10OEp8m0zw/sBZlofqPz4Lxf8RYw=":{"valueMac":{"type":"Buffer","data":"xgh7YgYMd7O7/7zhocVM6IkWLv1+BuTMTf2Fpf98q+Y="}},"JoDUQ+agO5Jeujnq214WUuzdRZdJ+vCCUWhEy8KpgMs=":{"valueMac":{"type":"Buffer","data":"dnGJOuBhzKD4nlp3a5T61JRFTbCA6DTCDfE8CoFRjbA="}},"M1NBATZv4MsXnecBUDalTZzmEGoDpRB2gMjmKSrn/fU=":{"valueMac":{"type":"Buffer","data":"4qGUQw4GzLPbnVGu2Hc1SGjcnyFZQVmsycf7+GYu7Q4="}},"/mAnns4hwBp3lttYT3mse2knRZQYEuaVza3aLzz16aE=":{"valueMac":{"type":"Buffer","data":"rFeN7CaACTBdHd8ErzBDD1J7eFJ51f1BoPWWMsSB9ao="}},"cF3gjM1bHQAqCnOHDlf+T1MAubPM0QNnjbjKYaTfeJM=":{"valueMac":{"type":"Buffer","data":"DtYJ+pVVBLiUd6iHJrObTfg5vhVaNVQbVfuhsDs2vV4="}},"gT2Cjn4u7ByrMy1Ezo1K5Y9MQEo8H+khHgvUJLGmfAM=":{"valueMac":{"type":"Buffer","data":"gqQTsFY3Hq0hJtvnmy6ckoi1IX0ou43/iLYXhZG8OoE="}}}}