{"noiseKey":{"private":{"type":"Buffer","data":"SPYpTKCTpc4KPU5JnajJOlaZl6vDJvoIqzz7b/Q9jEQ="},"public":{"type":"Buffer","data":"Hpy07HLO0v8xExWDkNDfyET3Nd9ThaQsEJGTf+7M5y4="}},"pairingEphemeralKeyPair":{"private":{"type":"Buffer","data":"ILnq27JreTcYX0nUfVAesK2Soqj97ka/4PdAeQykK3A="},"public":{"type":"Buffer","data":"4MfuUpcwnZrgEemPOreEhtfL9mfxeLcn3ZM236rxIUY="}},"signedIdentityKey":{"private":{"type":"Buffer","data":"gLtoFAwluv4YWAf60J0myLrsL/x7U3yySLIvmlxy22U="},"public":{"type":"Buffer","data":"qti52szyStZ56YNp84qH4hSWcMxD7vChNjLib24BVnw="}},"signedPreKey":{"keyPair":{"private":{"type":"Buffer","data":"cLIz+qPE9I6Kf0tJF+PcLYAjr9mvWS2RkxW9qOHSpko="},"public":{"type":"Buffer","data":"tuCT3zLk9ZImYInmkBxvuFGrC7ro8dHZxka/sri3XAw="}},"signature":{"type":"Buffer","data":"pAoex6VQFeA+T4HvraCN4+HWDIxO443dcb7JHdi90h3dSOjTvngXE9sdLycwjL/QL2rz8LfsyAGCs5hFyEE0Bg=="},"keyId":1},"registrationId":69,"advSecretKey":"0J8TEMZRGq8kdS5DFsZkjT3J/kJopP7EsryxmlDeyxY=","processedHistoryMessages":[{"key":{"remoteJid":"5492617161384@s.whatsapp.net","fromMe":false,"id":"ACB815ED332E1DDC10C7530BFCEA724E","participant":"","addressingMode":"pn"},"messageTimestamp":1763670316},{"key":{"remoteJid":"5492617161384@s.whatsapp.net","fromMe":false,"id":"AC67367E99BB5AF5F9E2306B578D788C","participant":"","addressingMode":"pn"},"messageTimestamp":1763670316},{"key":{"remoteJid":"5492617161384@s.whatsapp.net","fromMe":false,"id":"AC1AD3E4F0D6B7E9C333975420542575","participant":"","addressingMode":"pn"},"messageTimestamp":1763670316},{"key":{"remoteJid":"5492617161384@s.whatsapp.net","fromMe":false,"id":"ACA8EEBC22D2DBEB872F6415009D28EE","participant":"","addressingMode":"pn"},"messageTimestamp":1763670317},{"key":{"remoteJid":"5492617161384@s.whatsapp.net","fromMe":false,"id":"AC2F98A9785D52A17F3986302E0C40DE","participant":"","addressingMode":"pn"},"messageTimestamp":1763670337},{"key":{"remoteJid":"5492617161384@s.whatsapp.net","fromMe":false,"id":"AC1C2EDC6C59ED21CD0F145F9A578D06","participant":"","addressingMode":"pn"},"messageTimestamp":1763670353},{"key":{"remoteJid":"5492617161384@s.whatsapp.net","fromMe":false,"id":"AC6D61B7D5AD0A6117205116757036A4","participant":"","addressingMode":"pn"},"messageTimestamp":1763670364},{"key":{"remoteJid":"5492617161384@s.whatsapp.net","fromMe":false,"id":"AC97CACC6AB0B20EA4D16B5EC1C8E70C","participant":"","addressingMode":"pn"},"messageTimestamp":1763670365}],"nextPreKeyId":813,"firstUnuploadedPreKeyId":813,"accountSyncCounter":1,"accountSettings":{"unarchiveChats":false},"registered":false,"account":{"details":"CL6YuYoGEKby/cgGGAQgACgA","accountSignatureKey":"XEME1vAkWLDu0rE8yz8YiSAUaRTJLI09JKMsjsoOhFA=","accountSignature":"bGTapXTFTsRM+MaCFbSxXKGCWmOtZ9tSixLoDcN9/n3HnsKomgecLrxSrK3BGUaVUQ2FE7lYKOKbc24AorrrAw==","deviceSignature":"zRdY2gwDz7o684VlTJmdRJWGCNqketwtQKqzSgxvRkiVyDAPim61DWHwPjNKLih8rQ9rRB/XaTPkCXBWsoGuDw=="},"me":{"id":"5492617161384:14@s.whatsapp.net","lid":"41472204251257:14@lid","name":"Enzo"},"signalIdentities":[{"identifier":{"name":"41472204251257:14@lid","deviceId":0},"identifierKey":{"type":"Buffer","data":"BVxDBNbwJFiw7tKxPMs/GIkgFGkUySyNPSSjLI7KDoRQ"}}],"platform":"android","routingInfo":{"type":"Buffer","data":"CAUIEggN"},"lastAccountSyncTimestamp":1763670314,"lastPropHash":"3R9Z39","myAppStateKeyId":"AAAAAMNf"}